bins,expected_dist,actual_dist
7.606444984761779,0.1,0.006
43.9293855666507,0.1,0.011
53.51721499177808,0.1,0.02
60.50536963004167,0.1,0.026
66.05280846355406,0.1,0.02
70.61463911998936,0.1,0.025
75.14111395196501,0.1,0.04
81.38219889660644,0.1,0.045
87.58140854588135,0.1,0.101
97.03873518735209,0.1,0.399
