bins,expected_dist,actual_dist
248.9956177689904,0.1,0.002
480.0869015962642,0.1,0.002
524.8368716178351,0.1,0.004
552.4807109669008,0.1,0.002
577.4056405367937,0.1,0.003
601.5274555597463,0.1,0.013
626.5229306140803,0.1,0.02
655.1661882377622,0.1,0.027
684.9027529822067,0.1,0.043
728.7491954868725,0.1,0.392
